P1_VR_Swap(2019.07.11-12.07.41)__Pre1.csv,P2_VR_Swap(2019.07.11-12.07.43)__Pre1.csv
P1_VR_Swap(2019.07.11-12.07.41)__Pre2.csv,P2_VR_Swap(2019.07.11-12.07.43)__Pre2.csv
P9_VR_Swap(2019.07.04-12.11.25)__Pre1.csv,P10_VR_Swap(2019.07.04-12.11.30)__Pre1.csv
P9_VR_Swap(2019.07.04-12.11.25)__Pre2.csv,P10_VR_Swap(2019.07.04-12.11.30)__Pre2.csv
P11_VR_Swap(2019.07.03-11.07.51)__Pre1.csv,P12_VR_Swap(2019.07.03-11.07.56)__Pre1.csv
P11_VR_Swap(2019.07.03-11.07.51)__Pre2.csv,P12_VR_Swap(2019.07.03-11.07.56)__Pre2.csv
P15_VR_Swap(2019.07.05-13.07.37)__Pre1.csv,P16_VR_Swap(2019.07.05-13.07.44)__Pre1.csv
P15_VR_Swap(2019.07.05-13.07.37)__Pre2.csv,P16_VR_Swap(2019.07.05-13.07.44)__Pre2.csv
P17_VR_Swap(2019.07.04-14.13.09)__Pre1.csv,P18_VR_Swap(2019.07.04-14.13.15)__Pre1.csv
P17_VR_Swap(2019.07.04-14.13.09)__Pre2.csv,P18_VR_Swap(2019.07.04-14.13.15)__Pre2.csv
P19_VR_Swap(2019.07.11-11.40.02)__Pre1.csv,P20_VR_Swap(2019.07.11-11.39.57)__Pre1.csv
P19_VR_Swap(2019.07.11-11.40.02)__Pre2.csv,P20_VR_Swap(2019.07.11-11.39.57)__Pre2.csv
P21_VR_Swap(2019.07.04-16.46.46)__Pre1.csv,P22_VR_Swap(2019.07.04-16.46.42)__Pre1.csv
P21_VR_Swap(2019.07.04-16.46.46)__Pre2.csv,P22_VR_Swap(2019.07.04-16.46.42)__Pre2.csv
