Combined_Even_RW_Post1.csv,Combined_Odd_RW_Post1.csv
Combined_Even_RW_Post2.csv,Combined_Odd_RW_Post2.csv
P1_RW(2019.06.05-11.12.46)__Post1.csv,P2_RW(2019.06.05-11.12.46)__Post1.csv
P1_RW(2019.06.05-11.12.46)__Post2.csv,P2_RW(2019.06.05-11.12.46)__Post2.csv
P3_RW(2019.06.05-11.12.46)__Post1.csv,P4_RW(2019.06.05-11.12.46)__Post1.csv
P3_RW(2019.06.05-11.12.46)__Post2.csv,P4_RW(2019.06.05-11.12.46)__Post2.csv
P9_RW(2019.06.05-11.12.46)__Post1.csv,P10_(2019.06.06-11.00.16)__Post1.csv
P9_RW(2019.06.05-11.12.46)__Post2.csv,P10_(2019.06.06-11.00.16)__Post2.csv
P11_(2019.06.06-11.00.16)__Post1.csv,P12_(2019.06.06-11.00.16)__Post1.csv
P11_(2019.06.06-11.00.16)__Post2.csv,P12_(2019.06.06-11.00.16)__Post2.csv
P13_(2019.06.06-11.00.16)__Post1.csv,P14_(2019.06.06-11.00.16)__Post1.csv
P13_(2019.06.06-11.00.16)__Post2.csv,P14_(2019.06.06-11.00.16)__Post2.csv
P15_(2019.06.06-11.00.16)__Post1.csv,P16_(2019.06.06-11.00.16)__Post1.csv
P15_(2019.06.06-11.00.16)__Post2.csv,P16_(2019.06.06-11.00.16)__Post2.csv
P17_(2019.06.06-11.00.16)__Post1.csv,P18_(2019.06.06-11.00.16)__Post1.csv
P17_(2019.06.06-11.00.16)__Post2.csv,P18_(2019.06.06-11.00.16)__Post2.csv
P19_(2019.06.06-11.00.16)__Post1.csv,P20_(2019.06.06-11.00.16)__Post1.csv
P19_(2019.06.06-11.00.16)__Post2.csv,P20_(2019.06.06-11.00.16)__Post2.csv
P21_(2019.06.06-11.00.16)__Post1.csv,P22_(2019.06.06-11.00.16)__Post1.csv
P21_(2019.06.06-11.00.16)__Post2.csv,P22_(2019.06.06-11.00.16)__Post2.csv
