P1_VR_Swap(2019.07.11-12.07.41)__Tr1.csv,P2_VR_Swap(2019.07.11-12.07.43)__Tr1.csv
P1_VR_Swap(2019.07.11-12.07.41)__Tr2.csv,P2_VR_Swap(2019.07.11-12.07.43)__Tr2.csv
P1_VR_Swap(2019.07.11-12.07.41)__Tr3.csv,P2_VR_Swap(2019.07.11-12.07.43)__Tr3.csv
P1_VR_Swap(2019.07.11-12.07.41)__Tr4.csv,P2_VR_Swap(2019.07.11-12.07.43)__Tr4.csv
P9_VR_Swap(2019.07.04-12.11.25)__Tr1.csv,P10_VR_Swap(2019.07.04-12.11.30)__Tr1.csv
P9_VR_Swap(2019.07.04-12.11.25)__Tr2.csv,P10_VR_Swap(2019.07.04-12.11.30)__Tr2.csv
P9_VR_Swap(2019.07.04-12.11.25)__Tr3.csv,P10_VR_Swap(2019.07.04-12.11.30)__Tr3.csv
P9_VR_Swap(2019.07.04-12.11.25)__Tr4.csv,P10_VR_Swap(2019.07.04-12.11.30)__Tr4.csv
P11_VR_Swap(2019.07.03-11.07.51)__Tr1.csv,P12_VR_Swap(2019.07.03-11.07.56)__Tr1.csv
P11_VR_Swap(2019.07.03-11.07.51)__Tr2.csv,P12_VR_Swap(2019.07.03-11.07.56)__Tr2.csv
P11_VR_Swap(2019.07.03-11.07.51)__Tr3.csv,P12_VR_Swap(2019.07.03-11.07.56)__Tr3.csv
P11_VR_Swap(2019.07.03-11.07.51)__Tr4.csv,P12_VR_Swap(2019.07.03-11.07.56)__Tr4.csv
P15_VR_Swap(2019.07.05-13.07.37)__Tr1.csv,P16_VR_Swap(2019.07.05-13.07.44)__Tr1.csv
P15_VR_Swap(2019.07.05-13.07.37)__Tr2.csv,P16_VR_Swap(2019.07.05-13.07.44)__Tr2.csv
P15_VR_Swap(2019.07.05-13.07.37)__Tr3.csv,P16_VR_Swap(2019.07.05-13.07.44)__Tr3.csv
P15_VR_Swap(2019.07.05-13.07.37)__Tr4.csv,P16_VR_Swap(2019.07.05-13.07.44)__Tr4.csv
P17_VR_Swap(2019.07.04-14.13.09)__Tr1.csv,P18_VR_Swap(2019.07.04-14.13.15)__Tr1.csv
P17_VR_Swap(2019.07.04-14.13.09)__Tr2.csv,P18_VR_Swap(2019.07.04-14.13.15)__Tr2.csv
P17_VR_Swap(2019.07.04-14.13.09)__Tr3.csv,P18_VR_Swap(2019.07.04-14.13.15)__Tr3.csv
P17_VR_Swap(2019.07.04-14.13.09)__Tr4.csv,P18_VR_Swap(2019.07.04-14.13.15)__Tr4.csv
P19_VR_Swap(2019.07.11-11.40.02)__Tr1.csv,P20_VR_Swap(2019.07.11-11.39.57)__Tr1.csv
P19_VR_Swap(2019.07.11-11.40.02)__Tr2.csv,P20_VR_Swap(2019.07.11-11.39.57)__Tr2.csv
P19_VR_Swap(2019.07.11-11.40.02)__Tr3.csv,P20_VR_Swap(2019.07.11-11.39.57)__Tr3.csv
P19_VR_Swap(2019.07.11-11.40.02)__Tr4.csv,P20_VR_Swap(2019.07.11-11.39.57)__Tr4.csv
P21_VR_Swap(2019.07.04-16.46.46)__Tr1.csv,P22_VR_Swap(2019.07.04-16.46.42)__Tr1.csv
P21_VR_Swap(2019.07.04-16.46.46)__Tr2.csv,P22_VR_Swap(2019.07.04-16.46.42)__Tr2.csv
P21_VR_Swap(2019.07.04-16.46.46)__Tr3.csv,P22_VR_Swap(2019.07.04-16.46.42)__Tr3.csv
P21_VR_Swap(2019.07.04-16.46.46)__Tr4.csv,P22_VR_Swap(2019.07.04-16.46.42)__Tr4.csv
