P1_VR(2019.06.28-12.58.50)__Post1.csv,P2_VR(2019.06.28-12.58.58)__Post1.csv
P1_VR(2019.06.28-12.58.50)__Post2.csv,P2_VR(2019.06.28-12.58.58)__Post2.csv
P9_VR(2019.06.25-11.58.27)__Post1.csv,P10_VR(2019.06.25-11.58.32)__Post1.csv
P9_VR(2019.06.25-11.58.27)__Post2.csv,P10_VR(2019.06.25-11.58.32)__Post2.csv
P11_VR(2019.06.24-14.11.07)__Post1.csv,P12_VR(2019.06.24-14.11.03)__Post1.csv
P11_VR(2019.06.24-14.11.07)__Post2.csv,P12_VR(2019.06.24-14.11.03)__Post2.csv
P15_VR(2019.06.21-15.40.58)__Post1.csv,P16_VR(2019.06.21-15.41.12)__Post1.csv
P15_VR(2019.06.21-15.40.58)__Post2.csv,P16_VR(2019.06.21-15.41.12)__Post2.csv
P17_VR(2019.06.21-15.41.12)__Post1.csv,P18_VR(2019.06.21-15.40.58)__Post2.csv
P17_VR(2019.06.21-15.41.12)__Post2.csv,P18_VR(2019.06.21-15.40)_Post1.csv
P19_VR(2019.07.02-16.15.14)__Post1.csv,P20_VR(2019.07.02-16.15.18)__Post1.csv
P19_VR(2019.07.02-16.15.14)__Post2.csv,P20_VR(2019.07.02-16.15.18)__Post2.csv
P21_VR(2019.06.25-17.21.22)__Post1.csv,P22_VR(2019.06.25-17.21.27)__Post1.csv
P21_VR(2019.06.25-17.21.22)__Post2.csv,P22_VR(2019.06.25-17.21.27)__Post2.csv
Combined_Odd_VR_Post1.csv,Combined_Even_VR_Post1.csv
Combined_Odd_VR_Post2.csv,Combined_Even_VR_Post2.csv
