P1_VR(2019.06.28-12.58.50)__Pre1.csv,P2_VR(2019.06.28-12.58.58)__Pre1.csv
P1_VR(2019.06.28-12.58.50)__Pre2.csv,P2_VR(2019.06.28-12.58.58)__Pre2.csv
P9_VR(2019.06.25-11.58.27)__Pre1.csv,P10_VR(2019.06.25-11.58.32)__Pre1.csv
P9_VR(2019.06.25-11.58.27)__Pre2.csv,P10_VR(2019.06.25-11.58.32)__Pre2.csv
P11_VR(2019.06.24-14.11.07)__Pre1.csv,P12_VR(2019.06.24-14.11.03)__Pre1.csv
P11_VR[2019.06.24-14.11.07]__Pre2.csv,P12_VR(2019.06.24-14.11.03)__Pre2.csv
P15_VR(2019.06.20-14.31.20)__Pre1.csv,P16_VR(2019.06.20-14.31.20)__Pre1.csv
P15_VR(2019.06.20-14.31.20)__Pre2.csv,P16_VR(2019.06.20-14.31.20)__Pre2.csv
P17_VR(2019.06.21-15.41.12)__Pre1.csv,P18_VR(2019.06.21-15.40.58)__Pre1.csv
P17_VR(2019.06.21-15.41.12)__Pre2.csv,P18_VR(2019.06.21-15.40.58)__Pre2.csv
P19_VR(2019.07.02-16.15.14)__Pre1.csv,P20_VR(2019.07.02-16.15.18)__Pre1.csv
P19_VR(2019.07.02-16.15.14)__Pre2.csv,P20_VR(2019.07.02-16.15.18)__Pre2.csv
P21_VR(2019.06.25-17.21.22)__Pre1.csv,P22_VR(2019.06.25-17.21.27)__Pre1.csv
P21_VR(2019.06.25-17.21.22)__Pre2.csv,P22_VR(2019.06.25-17.21.27)__Pre2.csv
Combined_Odd_VR_Pre1.csv,Combined_Even_VR_Pre1.csv
Combined_Odd_VR_Pre2.csv,Combined_Even_VR_Pre2.csv
